Area/module,PR/workstream,PR number,GitHub title,Issue addressed,Scope/files,Merge SHA,Deployed SHA,Validation type,Final verdict,Limitation,Evidence path,Follow-up required,Pilot impact
Screening / Provider,#410,410,PR410 screening workflow audit and simplification,PR410 screening workflow audit and simplification,arie-backend/screening_state.py; arie-backend/server.py; arie-backend/tests/test_api.py; arie-backend/tests/test_backoffice_ca_truthflow_static.py; arie-backend/tests/test_backoffice_review_audit.py; arie-backend/tests/test_inline_screening_runtime.py; arie-backend/tests/test_screening_review.py; arie-backend/tests/test_screening_state_priority_a.py; ... +1 more,61799bc53ef5e4234d0dc5f902aac60ff9d6aaf8,,"## Validation - `/opt/homebrew/bin/python3.11 -m pytest tests/test_screening_review.py tests/test_inline_screening_runtime.py -q` -> 18 passed - `/opt/homebrew/bin/python3.11 -m pytest tests/test_api.py -k ""screening_review or screening_queue or screening_escalated or screening_match or no_match or screening_evidence_upload"" -q` -> 13 passed - `/opt/homebrew/bin/python3.11 -m pytest tests/test_approval_gate.py tests/test_backoffice_login_resilience_runtime.py tests/test_case_command_centre_runtime.py tests/test_backoffice_ca_truthflow_static.py tests/test_backoffice_review_audit.py -q` -> 156 passed - `/opt/homebrew/bin/python3.11 -m pytest tests/test_risk_recomputation.py tests/test_memo_staleness_approval.py tests/test_memo_staleness_hard_gate.py -q` -> 53 passed",audit-only,Evidence gap: no directly matched closure report located for this recon pass,,Add closure report path or downgrade status if report currently says closed,Pilot impact should be cited from closure evidence
Screening / Provider,#418,418,Fix inline screening fallback disposition save,Fix inline screening fallback disposition save,arie-backend/tests/test_inline_screening_runtime.py; arie-backoffice.html,a733b10a284b39bc6eef1c78ad997ace5790df51,,## Validation - `/opt/homebrew/bin/python3.11 -m pytest arie-backend/tests/test_inline_screening_runtime.py -q` - `/opt/homebrew/bin/python3.11 -m pytest arie-backend/tests/test_screening_review.py arie-backend/tests/test_inline_screening_runtime.py arie-backend/tests/test_screening_state_priority_a.py arie-backend/tests/test_screening_queue.py -q` - `/opt/homebrew/bin/python3.11 -m pytest arie-backend/tests/test_backoffice_ca_truthflow_static.py arie-backend/tests/test_backoffice_review_audit.py arie-backend/tests/test_approval_gate.py arie-backend/tests/test_case_command_centre_runtime.py arie-backend/tests/test_backoffice_login_resilience_runtime.py -q` - `git diff --check` - `cd arie-backend && /opt/homebrew/bin/python3.11 -m py_compile server.py screening_state.py db.py security_hardening.py`,audit-only,Evidence gap: no directly matched closure report located for this recon pass,,Add closure report path or downgrade status if report currently says closed,Pilot impact should be cited from closure evidence
Risk,#431,431,Fix risk score source-of-truth consistency,Fix risk score source-of-truth consistency,arie-backend/decision_model.py; arie-backend/memo_handler.py; arie-backend/pdf_generator.py; arie-backend/security_hardening.py; arie-backend/server.py; arie-backend/tests/test_decision_model.py; arie-backend/tests/test_memo_staleness_hard_gate.py; arie-backend/tests/test_phase3_memo_integrity.py; ... +2 more,6197e0cae6698684ceba7d1d1ed3ae6301bc284e,,## Validation Local focused validation on final commit: - `pytest arie-backend/tests/test_phase3_memo_integrity.py arie-backend/tests/test_memo_staleness_hard_gate.py arie-backend/tests/test_risk_display_integrity.py arie-backend/tests/test_approval_gate.py arie-backend/tests/test_decision_model.py arie-backend/tests/test_version_endpoint.py -q` -> 120 passed - `python3 -m py_compile arie-backend/server.py arie-backend/memo_handler.py arie-backend/pdf_generator.py arie-backend/decision_model.py arie-backend/security_hardening.py` -> passed - `git diff --check` -> passed GitHub checks on `3815772a45fc7fe1b26846c84ae7c58c09bf2662`: - `lint-and-test` -> success - `docker-validate` -> success - `pdf-tests` -> success,audit-only,Evidence gap: no directly matched closure report located for this recon pass,,Add closure report path or downgrade status if report currently says closed,Pilot impact should be cited from closure evidence
Monitoring,#433,433,Fix Monitoring Alerts data truth,Fix Monitoring Alerts data truth,arie-backend/server.py; arie-backend/tests/test_monitoring_alerts_sprint1_static.py; arie-backoffice.html,976d54cb0d30484f8e0dc6a2cc8b39fa7cad8879,,## Tests run - `python3 -m pytest arie-backend/tests/test_monitoring_alerts_sprint1_static.py arie-backend/tests/test_backoffice_monitoring_navigation_static.py arie-backend/tests/test_backoffice_dashboard_runtime.py arie-backend/tests/test_backoffice_login_resilience_runtime.py -q` - 17 passed - `node` inline-script parse check for `arie-backoffice.html` - parsed 2 inline scripts - `python3 -m py_compile arie-backend/server.py` - passed - Attempted `python3 -m pytest arie-backend/tests/test_dashboard_metrics_truth.py -q`; blocked locally by existing Python 3.10 union type syntax in `screening_config.py` under Python 3.9 before this change was reached.,audit-only,Evidence gap: no directly matched closure report located for this recon pass,,Add closure report path or downgrade status if report currently says closed,Pilot impact should be cited from closure evidence
Monitoring,#434,434,Hide UUID v7 monitoring client IDs,Hide UUID v7 monitoring client IDs,arie-backend/tests/test_monitoring_alerts_sprint1_static.py; arie-backoffice.html,72799f7f0c4febd58a4bbb60b597d11f7ae0a5a5,,## Tests run - `python3 -m pytest arie-backend/tests/test_monitoring_alerts_sprint1_static.py -q` - 6 passed - `node` inline-script parse check for `arie-backoffice.html` - parsed 2 inline scripts - `git diff --check` - passed,audit-only,Evidence gap: no directly matched closure report located for this recon pass,,Add closure report path or downgrade status if report currently says closed,Pilot impact should be cited from closure evidence
Monitoring,#435,435,Implement Monitoring Alerts Sprint 2 detail workflow,Implement Monitoring Alerts Sprint 2 detail workflow,arie-backend/server.py; arie-backend/tests/test_monitoring_alerts_sprint1_static.py; arie-backend/tests/test_monitoring_alerts_sprint2_api.py; arie-backoffice.html,0656c9cde1b38bba0e78ca4185aab2cc41044165,,## Tests run - /opt/homebrew/bin/python3.11 -m pytest arie-backend/tests/test_monitoring_routing.py arie-backend/tests/test_backoffice_monitoring_navigation_static.py arie-backend/tests/test_monitoring_alerts_sprint1_static.py arie-backend/tests/test_monitoring_alerts_sprint2_api.py -q - 35 passed - /opt/homebrew/bin/python3.11 -m py_compile arie-backend/server.py arie-backend/tests/test_monitoring_alerts_sprint2_api.py - JS parse check for arie-backoffice.html inline scripts - Parsed 2 inline scripts - git diff --check,audit-only,Evidence gap: no directly matched closure report located for this recon pass,,Add closure report path or downgrade status if report currently says closed,Pilot impact should be cited from closure evidence
Screening / Provider,#436,436,CA-1: Harden ComplyAdvantage webhooks and evidence retrieval,CA-1: Harden ComplyAdvantage webhooks and evidence retrieval,arie-backend/db.py; arie-backend/migrations/scripts/migration_031_ca_webhook_evidence.sql; arie-backend/screening_complyadvantage/evidence.py; arie-backend/screening_complyadvantage/webhook_handler.py; arie-backend/screening_complyadvantage/webhook_storage.py; arie-backend/server.py; arie-backend/tests/test_complyadvantage_webhook_handler.py; arie-backend/tests/test_complyadvantage_webhook_storage.py; ... +3 more,4b078f383d1f33736c0ea3ab4cd3241d46462600,,## Tests run - `pytest -q tests/test_complyadvantage_webhook_fetch.py tests/test_complyadvantage_webhook_storage.py tests/test_complyadvantage_webhook_handler.py tests/test_screening_complyadvantage_normalizer.py tests/test_complyadvantage_historical_backfill.py tests/test_screening_shadow.py tests/test_phase6_complyadvantage_readiness.py tests/test_monitoring_alerts_sprint2_api.py tests/test_monitoring_alerts_sprint1_static.py` — 131 passed - `python3 -m py_compile screening_complyadvantage/webhook_handler.py screening_complyadvantage/webhook_storage.py screening_complyadvantage/evidence.py screening_complyadvantage/webhook_fetch.py server.py db.py` — passed - Back-office inline JS parse via Node — passed,audit-only,Evidence gap: no directly matched closure report located for this recon pass,,Add closure report path or downgrade status if report currently says closed,Pilot impact should be cited from closure evidence
Screening / Provider,#437,437,[codex] Backfill CA monitoring evidence,[codex] Backfill CA monitoring evidence,arie-backend/screening_complyadvantage/evidence_backfill.py; arie-backend/scripts/ca_evidence_backfill.py; arie-backend/tests/test_complyadvantage_evidence_backfill.py; arie-backend/tests/test_monitoring_alerts_sprint1_static.py; arie-backoffice.html,e8382a1b8bc363a0aa418dc6a735df3c5fb71140,,## Validation Local checks run: - `/opt/homebrew/bin/python3.11 -m py_compile arie-backend/screening_complyadvantage/evidence_backfill.py arie-backend/scripts/ca_evidence_backfill.py` - `cd arie-backend && /opt/homebrew/bin/python3.11 -m pytest tests/test_complyadvantage_evidence_backfill.py tests/test_monitoring_alerts_sprint1_static.py -q` — 17 passed - `cd arie-backend && /opt/homebrew/bin/python3.11 -m pytest tests/test_complyadvantage_webhook_storage.py tests/test_monitoring_alerts_sprint2_api.py tests/test_complyadvantage_historical_backfill.py -q` — 28 passed - `cd arie-backend && /opt/homebrew/bin/python3.11 -m pytest tests/test_complyadvantage_evidence_backfill.py tests/test_complyadvantage_webhook_storage.py tests/test_monitoring_alerts_sprint2_api.py tests/test_monitoring_alerts_sprint1_static.py -q` — 30 passed,audit-only,Evidence gap: no directly matched closure report located for this recon pass,,Add closure report path or downgrade status if report currently says closed,Pilot impact should be cited from closure evidence
Screening / Provider,#438,438,[codex] Fix CA evidence backfill Postgres wildcard,[codex] Fix CA evidence backfill Postgres wildcard,arie-backend/screening_complyadvantage/evidence_backfill.py; arie-backend/tests/test_complyadvantage_evidence_backfill.py,501bde2cf686d7767d900511af5084d6aa66bc0b,,## Validation - `/opt/homebrew/bin/python3.11 -m py_compile arie-backend/screening_complyadvantage/evidence_backfill.py arie-backend/scripts/ca_evidence_backfill.py` - `cd arie-backend && /opt/homebrew/bin/python3.11 -m pytest tests/test_complyadvantage_evidence_backfill.py -q` — 6 passed,audit-only,Evidence gap: no directly matched closure report located for this recon pass,,Add closure report path or downgrade status if report currently says closed,Pilot impact should be cited from closure evidence
Screening / Provider,#439,439,[codex] Guard CA evidence backfill identifiers,[codex] Guard CA evidence backfill identifiers,arie-backend/screening_complyadvantage/evidence_backfill.py; arie-backend/tests/test_complyadvantage_evidence_backfill.py,b8680a6119da4ddf106ba51e3c0f053fb513ed39,,## Validation - `/opt/homebrew/bin/python3.11 -m py_compile arie-backend/screening_complyadvantage/evidence_backfill.py arie-backend/scripts/ca_evidence_backfill.py` - `cd arie-backend && /opt/homebrew/bin/python3.11 -m pytest tests/test_complyadvantage_evidence_backfill.py -q` — 7 passed,audit-only,Evidence gap: no directly matched closure report located for this recon pass,,Add closure report path or downgrade status if report currently says closed,Pilot impact should be cited from closure evidence
Screening / Provider,#440,440,[codex] SQ-1 screening queue state integrity,[codex] SQ-1 screening queue state integrity,arie-backend/screening_state.py; arie-backend/server.py; arie-backend/tests/test_api.py; arie-backend/tests/test_declared_pep_truthfulness_priority_a2.py; arie-backend/tests/test_screening_queue.py; arie-backend/tests/test_screening_queue_state_integrity.py; arie-backend/tests/test_screening_review.py; arie-backend/tests/test_screening_state_priority_a.py,9553639fcb8bb67fed97b0173662f58a9d590c1c,,"## Validation Run locally with Python 3.11: - `pytest arie-backend/tests/test_screening_queue_state_integrity.py arie-backend/tests/test_screening_queue.py arie-backend/tests/test_screening_review.py arie-backend/tests/test_screening_state_priority_a.py arie-backend/tests/test_api.py -k ""screening_queue or screening_review or screening or ScreeningQueueSerializer"" -q` — 99 passed - `pytest arie-backend/tests/test_backoffice_ca_truthflow_static.py arie-backend/tests/test_inline_screening_runtime.py -q` — 34 passed - `pytest arie-backend/tests/test_screening*.py arie-backend/tests/test_complyadvantage_*.py -q` — 918 passed, 2 skipped",audit-only,Evidence gap: no directly matched closure report located for this recon pass,,Add closure report path or downgrade status if report currently says closed,Pilot impact should be cited from closure evidence
General Remediation,#441,441,[codex] SQ-1 queue payload integrity follow-up,[codex] SQ-1 queue payload integrity follow-up,arie-backend/server.py; arie-backend/tests/test_screening_queue_state_integrity.py,a1982f8621aa14bb738acc1eb7bd2ffbb2bedae3,,"## Tests - `/opt/homebrew/bin/python3.11 -m pytest arie-backend/tests/test_screening_queue_state_integrity.py arie-backend/tests/test_screening_queue.py arie-backend/tests/test_screening_review.py arie-backend/tests/test_screening_state_priority_a.py arie-backend/tests/test_declared_pep_truthfulness_priority_a2.py arie-backend/tests/test_api.py -k ""screening_queue or screening_review or screening or ScreeningQueueSerializer or declared_pep"" -q` - `/opt/homebrew/bin/python3.11 -m pytest arie-backend/tests/test_screening*.py arie-backend/tests/test_complyadvantage_*.py arie-backend/tests/test_declared_pep_truthfulness_priority_a2.py -q`",audit-only,Evidence gap: no directly matched closure report located for this recon pass,,Add closure report path or downgrade status if report currently says closed,Pilot impact should be cited from closure evidence
Screening / Provider,#442,442,SQ-2 Screening Queue evidence readiness,SQ-2 Screening Queue evidence readiness,arie-backend/server.py; arie-backend/tests/test_backoffice_ca_truthflow_static.py; arie-backend/tests/test_screening_queue.py; arie-backoffice.html,d5e3f6cfb9e2f968df60bcf6d67e7105b189abe0,,"## Evidence linking approach - Exact link: risk/match/profile/alert identifiers, with explicit subject mismatch blocking attachment. - Case identifier link: allowed only with no subject conflict and category alignment. - Conservative fallback: same application, same provider, explicit subject match, and category match. - Source/article URLs are never invented; missing URLs display: `Source link not available from provider payload.` ## Tests run - `/opt/homebrew/bin/python3.11 -m py_compile arie-backend/server.py` - `/opt/homebrew/bin/python3.11 -m pytest arie-backend/tests/test_screening_queue.py arie-backend/tests/test_screening_queue_state_integrity.py arie-backend/tests/test_backoffice_ca_truthflow_static.py -q` -> 50 passed",audit-only,Evidence gap: no directly matched closure report located for this recon pass,,Add closure report path or downgrade status if report currently says closed,Pilot impact should be cited from closure evidence
Screening / Provider,#443,443,SQ-3 Provider evidence quality diagnostics,SQ-3 Provider evidence quality diagnostics,arie-backend/screening_complyadvantage/evidence.py; arie-backend/scripts/screening_queue_evidence_diagnostics.py; arie-backend/server.py; arie-backend/tests/test_backoffice_ca_truthflow_static.py; arie-backend/tests/test_complyadvantage_evidence_backfill.py; arie-backend/tests/test_screening_queue.py; arie-backoffice.html,1318c6857929754170a9806bcae78a34617c27ad,,"## Tests run - `python3.11 -m py_compile arie-backend/server.py arie-backend/screening_complyadvantage/evidence.py arie-backend/scripts/screening_queue_evidence_diagnostics.py` - `python3.11 -m pytest arie-backend/tests/test_screening_queue.py arie-backend/tests/test_complyadvantage_evidence_backfill.py arie-backend/tests/test_backoffice_ca_truthflow_static.py -q` — 45 passed - `python3.11 -m pytest arie-backend/tests/test_screening*.py arie-backend/tests/test_complyadvantage_*.py arie-backend/tests/test_declared_pep_truthfulness_priority_a2.py -q` — 946 passed, 2 skipped - `python3.11 -m pytest arie-backend/tests/test_inline_screening_runtime.py arie-backend/tests/test_backoffice_inline_script_static.py -q` — 14 passed",audit-only,Evidence gap: no directly matched closure report located for this recon pass,,Add closure report path or downgrade status if report currently says closed,Pilot impact should be cited from closure evidence
General Remediation,#444,444,SQ-3 preserve evidence reasons in detail view,SQ-3 preserve evidence reasons in detail view,arie-backend/tests/test_backoffice_ca_truthflow_static.py; arie-backoffice.html,45b5176650ac2887e7830743241204367382fad1,,## Tests - `python3.11 -m pytest arie-backend/tests/test_backoffice_ca_truthflow_static.py -q` - `node --check /tmp/regmind_sq3_backoffice_inline_fix.js` - `git diff --check`,audit-only,Evidence gap: no directly matched closure report located for this recon pass,,Add closure report path or downgrade status if report currently says closed,Pilot impact should be cited from closure evidence
Monitoring,#445,445,MA-2C simplify monitoring alert detail,MA-2C simplify monitoring alert detail,arie-backend/tests/test_monitoring_alerts_sprint1_static.py; arie-backoffice.html,61928e1a232484dbcd70804d6381d10b54482ff6,,## Tests run - `python3.11 -m pytest arie-backend/tests/test_monitoring_alerts_sprint1_static.py arie-backend/tests/test_monitoring_alerts_sprint2_api.py -q` - `python3.11 -m pytest arie-backend/tests/test_backoffice_*static.py arie-backend/tests/test_application_lifecycle_tab_shell_static.py arie-backend/tests/test_backoffice_ca_truthflow_static.py -q` - `python3.11 -m pytest arie-backend/tests/test_monitoring_alerts_sprint2_api.py arie-backend/tests/test_monitoring_automation.py arie-backend/tests/test_monitoring_routing.py -q` - `python3.11 -m py_compile arie-backend/tests/test_monitoring_alerts_sprint1_static.py` - `node --check /tmp/regmind_ma2c_backoffice_inline.js` - `git diff --check`,audit-only,Evidence gap: no directly matched closure report located for this recon pass,,Add closure report path or downgrade status if report currently says closed,Pilot impact should be cited from closure evidence
KYC Documents / Agent 1,#446,446,Monitoring Sprint 3: document expiry refresh flow,Monitoring Sprint 3: document expiry refresh flow,arie-backend/db.py; arie-backend/migrations/scripts/migration_032_monitoring_document_refresh.sql; arie-backend/monitoring_document_refresh.py; arie-backend/server.py; arie-backend/tests/test_migration_chain_full.py; arie-backend/tests/test_monitoring_alerts_sprint1_static.py; arie-backend/tests/test_monitoring_document_refresh_api.py; arie-backend/tests/test_portal_periodic_review_notification_static.py; ... +2 more,092d5ca96b7119f65c073ad441dcd7f82f86d51e,,## Tests run - `pytest -q arie-backend/tests/test_monitoring_document_refresh_api.py arie-backend/tests/test_monitoring_alerts_sprint1_static.py arie-backend/tests/test_portal_periodic_review_notification_static.py arie-backend/tests/test_monitoring_alerts_sprint2_api.py arie-backend/tests/test_migration_chain_full.py arie-backend/tests/test_screening_queue.py arie-backend/tests/test_screening_queue_state_integrity.py arie-backend/tests/test_screening_review.py -q` - `python3 -m py_compile arie-backend/monitoring_document_refresh.py arie-backend/server.py arie-backend/db.py arie-backend/tests/test_monitoring_document_refresh_api.py arie-backend/tests/test_migration_chain_full.py` - `git diff --check`,audit-only,Evidence gap: no directly matched closure report located for this recon pass,,Add closure report path or downgrade status if report currently says closed,Pilot impact should be cited from closure evidence
KYC Documents / Agent 1,#447,447,Fix monitoring document refresh startup repair ordering,Fix monitoring document refresh startup repair ordering,arie-backend/db.py; arie-backend/tests/test_startup_legacy_monitoring_alerts.py,14d637362cd70a4637f361340945d056ca256513,,"## Tests Local: - `pytest -q arie-backend/tests/test_startup_legacy_monitoring_alerts.py arie-backend/tests/test_monitoring_document_refresh_api.py arie-backend/tests/test_migration_chain_full.py` - `15 passed, 4 skipped` - `python3 -m py_compile arie-backend/db.py arie-backend/tests/test_startup_legacy_monitoring_alerts.py` - `git diff --check`",audit-only,Evidence gap: no directly matched closure report located for this recon pass,,Add closure report path or downgrade status if report currently says closed,Pilot impact should be cited from closure evidence
KYC Documents / Agent 1,#448,448,Fix document refresh notification boolean insert,Fix document refresh notification boolean insert,arie-backend/monitoring_document_refresh.py; arie-backend/tests/test_monitoring_document_refresh_api.py,7998018bbc6f40b0db8bad9789bbce165748dbc4,,## Tests run - `pytest -q arie-backend/tests/test_monitoring_document_refresh_api.py` - `pytest -q arie-backend/tests/test_startup_legacy_monitoring_alerts.py arie-backend/tests/test_monitoring_document_refresh_api.py` - `python3 -m py_compile arie-backend/monitoring_document_refresh.py arie-backend/tests/test_monitoring_document_refresh_api.py` - `git diff --check`,audit-only,Evidence gap: no directly matched closure report located for this recon pass,,Add closure report path or downgrade status if report currently says closed,Pilot impact should be cited from closure evidence
KYC Documents / Agent 1,#449,449,Monitoring Sprint 3B: harden document expiry refresh UX,Monitoring Sprint 3B: harden document expiry refresh UX,arie-backend/enhanced_requirements.py; arie-backend/monitoring_document_refresh.py; arie-backend/server.py; arie-backend/tests/test_monitoring_alerts_sprint1_static.py; arie-backend/tests/test_monitoring_document_refresh_api.py; arie-backoffice.html; arie-portal.html,e848551df7773f1a9676e0a64047445a2beb5258,,## Tests run - `pytest -q arie-backend/tests/test_monitoring_document_refresh_api.py` - `pytest -q arie-backend/tests/test_monitoring_alerts_sprint1_static.py` - `pytest -q arie-backend/tests/test_backoffice_inline_script_static.py` - `pytest -q arie-backend/tests/test_document_versioning.py arie-backend/tests/test_application_enhanced_requirements.py arie-backend/tests/test_monitoring_alerts_sprint2_api.py arie-backend/tests/test_screening_queue_state_integrity.py` - `pytest -q arie-backend/tests/test_backoffice_monitoring_navigation_static.py arie-backend/tests/test_enhanced_requirement_settings.py` - `pytest -q arie-backend/tests/test_periodic_review_document_requests.py arie-backend/tests/test_backoffice_periodic_review_documents_static.py arie-backend/tests/test_portal_periodic_review_documents_static.py`,audit-only,Evidence gap: no directly matched closure report located for this recon pass,,Add closure report path or downgrade status if report currently says closed,Pilot impact should be cited from closure evidence
General Remediation,#469,469,PR-1 — Security Client API Boundary Hardening,PR-1 — Security Client API Boundary Hardening,arie-backend/base_handler.py; arie-backend/server.py; arie-backend/tests/test_api.py; arie-backend/tests/test_application_enhanced_requirements.py; arie-backend/tests/test_auth.py; arie-backend/tests/test_pr1_client_api_boundary.py; docs/audits/evidence/remediation_sprints/PR-1_security-client-api-boundary-hardening_20260613T070139Z/api_smoke.md; docs/audits/evidence/remediation_sprints/PR-1_security-client-api-boundary-hardening_20260613T070139Z/browser_smoke.md; ... +7 more,7806ea68addfab81f88c1d58a43a89acd52acb9d,,## Tests added/updated - Added `tests/test_pr1_client_api_boundary.py` - Updated auth/client expectation tests to use `/api/portal/applications` for client-visible application lists. - Updated stale tests that expected clients to read `/api/applications`. ## Evidence pack `docs/audits/evidence/remediation_sprints/PR-1_security-client-api-boundary-hardening_20260613T070139Z/`,audit-only,Evidence gap: no directly matched closure report located for this recon pass,,Add closure report path or downgrade status if report currently says closed,Pilot impact should be cited from closure evidence
General Remediation,#470,470,PR-1B — Client Notification Data Boundary Hardening,PR-1B — Client Notification Data Boundary Hardening,arie-backend/server.py; arie-backend/tests/test_pr1b_client_notification_boundary.py; docs/audits/evidence/remediation_sprints/PR-1B_client-notification-data-boundary-hardening_20260613T093629Z/api_smoke.md; docs/audits/evidence/remediation_sprints/PR-1B_client-notification-data-boundary-hardening_20260613T093629Z/browser_smoke.md; docs/audits/evidence/remediation_sprints/PR-1B_client-notification-data-boundary-hardening_20260613T093629Z/closure_report.md; docs/audits/evidence/remediation_sprints/PR-1B_client-notification-data-boundary-hardening_20260613T093629Z/diagnosis.md; docs/audits/evidence/remediation_sprints/PR-1B_client-notification-data-boundary-hardening_20260613T093629Z/full_suite_results.md; docs/audits/evidence/remediation_sprints/PR-1B_client-notification-data-boundary-hardening_20260613T093629Z/root_cause.md; ... +4 more,12be9e5c3d127400b6f74d7013bab1ae63d418b7,,"## Validation ```bash /opt/homebrew/bin/python3.11 -m py_compile arie-backend/server.py arie-backend/tests/test_pr1b_client_notification_boundary.py # PASS /opt/homebrew/bin/python3.11 -m flake8 arie-backend/server.py arie-backend/tests/test_pr1b_client_notification_boundary.py --select=E9,F63,F7,F82 # PASS git diff --check # PASS /opt/homebrew/bin/python3.11 -m pytest \ arie-backend/tests/test_pr1b_client_notification_boundary.py \ arie-backend/tests/test_pr1_client_api_boundary.py \ arie-backend/tests/test_rmi_requests.py \ -q # 13 passed in 6.66s /opt/homebrew/bin/python3.11 -m pytest arie-backend/tests -q # 5253 passed, 25 skipped in 273.13s ``` ## Evidence Pack `docs/audits/evidence/remediation_sprints/PR-1B_client-notification-data-boundary-hardening_20260613T093629Z/`",audit-only,Evidence gap: no directly matched closure report located for this recon pass,,Add closure report path or downgrade status if report currently says closed,Pilot impact should be cited from closure evidence
Application Review,#471,471,PR-1C — Client Application RMI Boundary Hardening,PR-1C — Client Application RMI Boundary Hardening,arie-backend/server.py; arie-backend/tests/test_pr1b_client_notification_boundary.py; docs/audits/evidence/remediation_sprints/PR-1C_client-application-rmi-boundary-hardening_20260613T104000Z/api_smoke.md; docs/audits/evidence/remediation_sprints/PR-1C_client-application-rmi-boundary-hardening_20260613T104000Z/browser_smoke.md; docs/audits/evidence/remediation_sprints/PR-1C_client-application-rmi-boundary-hardening_20260613T104000Z/closure_report.md; docs/audits/evidence/remediation_sprints/PR-1C_client-application-rmi-boundary-hardening_20260613T104000Z/diagnosis.md; docs/audits/evidence/remediation_sprints/PR-1C_client-application-rmi-boundary-hardening_20260613T104000Z/full_suite_results.md; docs/audits/evidence/remediation_sprints/PR-1C_client-application-rmi-boundary-hardening_20260613T104000Z/root_cause.md; ... +3 more,b4d1f7387ab03eca849a451bedc98b5208e0ddba,,"## Tests Local: - `git diff --check` — PASS - `/opt/homebrew/bin/python3.11 -m py_compile arie-backend/server.py arie-backend/tests/test_pr1b_client_notification_boundary.py` — PASS - `/opt/homebrew/bin/python3.11 -m flake8 arie-backend/server.py arie-backend/tests/test_pr1b_client_notification_boundary.py --select=E9,F63,F7,F82` — PASS - `/opt/homebrew/bin/python3.11 -m pytest arie-backend/tests/test_pr1b_client_notification_boundary.py arie-backend/tests/test_pr1_client_api_boundary.py -q` — PASS, 9 passed Full local backend suite: - BLOCKED by known local WeasyPrint/Pango CFFI segmentation fault during test collection. GitHub CI must be authoritative for full-suite/PDF evidence.",audit-only,Evidence gap: no directly matched closure report located for this recon pass,,Add closure report path or downgrade status if report currently says closed,Pilot impact should be cited from closure evidence
Application Review,#472,472,CCC-2B: Clean Application Review density,CCC-2B: Clean Application Review density,arie-backend/tests/test_application_lifecycle_tab_shell_static.py; arie-backend/tests/test_backoffice_periodic_review_baseline_static.py; arie-backend/tests/test_backoffice_periodic_review_workspace_static.py; arie-backend/tests/test_case_command_centre_runtime.py; arie-backend/tests/test_export_pack_ui_static.py; arie-backend/tests/test_officer_corrections.py; arie-backoffice.html; docs/audits/ccc_2b_application_review_density_cleanup_20260613.md,460df77eed4a1d6865c8827d0f2f54042e6c85dd,,"## Tests run - `python3 -m py_compile server.py security_hardening.py base_handler.py screening_state.py sumsub_idv_status.py` - PASS - `pytest -q arie-backend/tests/test_case_command_centre_runtime.py arie-backend/tests/test_backoffice_periodic_review_baseline_static.py arie-backend/tests/test_backoffice_periodic_review_workspace_static.py arie-backend/tests/test_application_lifecycle_tab_shell_static.py arie-backend/tests/test_export_pack_ui_static.py arie-backend/tests/test_officer_corrections.py -q` - PASS, 111 tests - `pytest -q arie-backend/tests/test_api.py -k ""approval or blocker or command or idv or memo or screening""` - PASS, 35 selected tests - `pytest -q arie-backend/tests/test_kyc_1a_sumsub_idv_visibility.py arie-backend/tests/test_screening_queue_state_integrity.py arie-backend/tests/test_provider_label_policy.py arie-backend/tests/test_backoffice_ca_truthflow_static.py ari",audit-only,Evidence gap: no directly matched closure report located for this recon pass,,Add closure report path or downgrade status if report currently says closed,Pilot impact should be cited from closure evidence
General Remediation,#473,473,PR-2 — Auth Logout Token Revocation Enforcement,PR-2 — Auth Logout Token Revocation Enforcement,arie-backend/security_hardening.py; arie-backend/tests/test_sprint35.py; docs/audits/evidence/remediation_sprints/PR-2_auth-logout-token-revocation-enforcement_20260613T112500Z/api_smoke.md; docs/audits/evidence/remediation_sprints/PR-2_auth-logout-token-revocation-enforcement_20260613T112500Z/browser_smoke.md; docs/audits/evidence/remediation_sprints/PR-2_auth-logout-token-revocation-enforcement_20260613T112500Z/closure_report.md; docs/audits/evidence/remediation_sprints/PR-2_auth-logout-token-revocation-enforcement_20260613T112500Z/diagnosis.md; docs/audits/evidence/remediation_sprints/PR-2_auth-logout-token-revocation-enforcement_20260613T112500Z/full_suite_results.md; docs/audits/evidence/remediation_sprints/PR-2_auth-logout-token-revocation-enforcement_20260613T112500Z/root_cause.md; ... +3 more,3f00f491c75a5605440d56899bebb9e513cc1cb3,,## Tests Added / Updated Added negative regressions proving a stale worker cache still rejects: - logged-out bearer token on `/api/auth/me` and `/api/applications` - logged-out cookie token on `/api/auth/me` and `/api/applications` - logged-out client bearer token on `/api/auth/me` and `/api/portal/applications` ## Validation Static / compile: ```bash /opt/homebrew/bin/python3.11 -m py_compile arie-backend/security_hardening.py arie-backend/tests/test_sprint35.py # passed git diff --check # passed ``` Targeted new regressions: ```bash /opt/homebrew/bin/python3.11 -m pytest \ arie-backend/tests/test_sprint35.py::TestLogout::test_logout_revocation_survives_stale_worker_cache_for_bearer \ arie-backend/tests/test_sprint35.py::TestLogout::test_logout_revocation_survives_stale_worker_cache_for_cookie \,audit-only,Evidence gap: no directly matched closure report located for this recon pass,,Add closure report path or downgrade status if report currently says closed,Pilot impact should be cited from closure evidence
General Remediation,#474,474,PR-3 — Terminal Record Gate Reconciliation,PR-3 — Terminal Record Gate Reconciliation,arie-backend/server.py; arie-backend/tests/test_case_command_centre_runtime.py; arie-backend/tests/test_pr3_terminal_record_gate_reconciliation.py; arie-backoffice.html; docs/audits/evidence/remediation_sprints/PR-3_terminal-record-gate-reconciliation_20260613T124710Z/api_smoke.md; docs/audits/evidence/remediation_sprints/PR-3_terminal-record-gate-reconciliation_20260613T124710Z/browser_smoke.md; docs/audits/evidence/remediation_sprints/PR-3_terminal-record-gate-reconciliation_20260613T124710Z/closure_report.md; docs/audits/evidence/remediation_sprints/PR-3_terminal-record-gate-reconciliation_20260613T124710Z/diagnosis.md; ... +8 more,e61800bedc61752885313ab9e70718f6c4a021f3,,## Tests Added / Updated Added backend tests covering: - Approved terminal record with decision evidence separates decision basis from current diagnostics. - Legacy approved record is labelled evidence-incomplete without active gate blockers. - Rejected terminal record does not expose action-required approval blockers. - Non-terminal pending/in-review record still exposes fail-closed gate blockers. - New terminal gate fields are stripped from client-safe application projection. - New approval decisions persist an approval gate snapshot. - Back Office Case Command Centre terminal renderer separates decision context/current diagnostics. Updated CCC runtime tests to cover terminal presentation behavior.,audit-only,Evidence gap: no directly matched closure report located for this recon pass,,Add closure report path or downgrade status if report currently says closed,Pilot impact should be cited from closure evidence
Screening / Provider,#475,475,PR-4 — Screening Truth Safe Readiness Labels,PR-4 — Screening Truth Safe Readiness Labels,arie-backend/memo_handler.py; arie-backend/screening_state.py; arie-backend/security_hardening.py; arie-backend/tests/test_backoffice_ca_truthflow_static.py; arie-backend/tests/test_case_command_centre_runtime.py; arie-backend/tests/test_screening_clearance_validation_supervisor.py; arie-backend/tests/test_screening_state_priority_a.py; arie-backoffice.html; ... +9 more,ef5ee1d7e3d5e1ee83ad4b8015d70f432485492a,,## Tests ```bash git diff --check python3 -m py_compile arie-backend/screening_state.py arie-backend/memo_handler.py arie-backend/security_hardening.py arie-backend/tests/test_screening_state_priority_a.py arie-backend/tests/test_screening_clearance_validation_supervisor.py arie-backend/tests/test_backoffice_ca_truthflow_static.py arie-backend/tests/test_case_command_centre_runtime.py PYTHONPATH=arie-backend pytest -q arie-backend/tests/test_screening_state_priority_a.py arie-backend/tests/test_screening_clearance_validation_supervisor.py arie-backend/tests/test_backoffice_ca_truthflow_static.py arie-backend/tests/test_case_command_centre_runtime.py PYTHONPATH=arie-backend pytest -q arie-backend/tests/test_pr1_client_api_boundary.py arie-backend/tests/test_pr1b_client_notification_boundary.py arie-backend/tests/test_pr3_terminal_record_gate_reconciliation.py,audit-only,Evidence gap: no directly matched closure report located for this recon pass,,Add closure report path or downgrade status if report currently says closed,Pilot impact should be cited from closure evidence
Screening / Provider,#476,476,PR-4B — Screening Memo Readiness Metadata Hardening,PR-4B — Screening Memo Readiness Metadata Hardening,arie-backend/screening_state.py; arie-backend/server.py; arie-backend/tests/test_pr4_screening_memo_readiness_metadata.py; docs/audits/evidence/remediation_sprints/PR-4B_screening-memo-readiness-metadata-hardening_20260613T164500Z/api_smoke.md; docs/audits/evidence/remediation_sprints/PR-4B_screening-memo-readiness-metadata-hardening_20260613T164500Z/browser_smoke.md; docs/audits/evidence/remediation_sprints/PR-4B_screening-memo-readiness-metadata-hardening_20260613T164500Z/closure_report.md; docs/audits/evidence/remediation_sprints/PR-4B_screening-memo-readiness-metadata-hardening_20260613T164500Z/diagnosis.md; docs/audits/evidence/remediation_sprints/PR-4B_screening-memo-readiness-metadata-hardening_20260613T164500Z/full_suite_results.md; ... +4 more,3a79bd014cc84e8189e50daeecc325c3cb9af0a5,,"## Tests Added/Updated - Added sanitizer unit regression for stale `approval_ready=true` plus `approval_blocking=true` metadata. - Added runtime application detail regression proving stale memo metadata is sanitized in API output. ## Closure Note FSI-007 remains PARTIALLY FIXED until this PR is merged into main, deployed to staging, staging `/api/version` matches the merged main SHA, API smoke proves no nested application detail readiness contradiction remains, and browser smoke passes for affected officer/client surfaces. No other remediation item is closed by this PR.",audit-only,Evidence gap: no directly matched closure report located for this recon pass,,Add closure report path or downgrade status if report currently says closed,Pilot impact should be cited from closure evidence
General Remediation,#477,477,PR-5 — Memo Governance Unification and Decision UX Cleanup,PR-5 — Memo Governance Unification and Decision UX Cleanup,arie-backend/edd_memo_integration.py; arie-backend/evidence_pack_export.py; arie-backend/memo_governance.py; arie-backend/security_hardening.py; arie-backend/server.py; arie-backend/tests/test_api.py; arie-backend/tests/test_approval_gate.py; arie-backend/tests/test_backoffice_review_audit.py; ... +24 more,b061c52f147b6fa42398629bb2b5dd2502682f3d,,## Tests Added / Updated - Added `arie-backend/tests/test_pr5_memo_governance.py` - Updated memo ordering/gate tests - Updated pass-with-fixes and supervisor-warning approval tests - Updated back-office static UI tests - Updated approval-gate fixtures that create approved memos ## Evidence Pack `docs/audits/evidence/remediation_sprints/PR-5_memo-governance-unification_20260613T182929Z/` Includes: - `diagnosis.md` - `root_cause.md` - `test_results.md` - `full_suite_results.md` - `staging_deploy.md` - `api_smoke.md` - `browser_smoke.md` - `closure_report.md`,audit-only,Evidence gap: no directly matched closure report located for this recon pass,,Add closure report path or downgrade status if report currently says closed,Pilot impact should be cited from closure evidence
Screening / Provider,#512,512,[codex] Restore CA sandbox prescreening availability,[codex] Restore CA sandbox prescreening availability,arie-backend/screening_complyadvantage/client.py; arie-backend/screening_complyadvantage/payloads.py; arie-backend/server.py; arie-backend/tests/test_api.py; arie-backend/tests/test_complyadvantage_client.py; arie-backend/tests/test_complyadvantage_payloads.py; arie-backend/tests/test_phase6_complyadvantage_readiness.py; arie-backend/tests/test_screening_adapter_complyadvantage.py; ... +16 more,8f2c9bc38180e6ef8340bf58da523bc247d365a6,,"## Validation - Syntax check: pass. - Initial focused CA/submit tests: `68 passed in 2.15s`. - Rebased focused CA/submit plus API status contract: `69 passed in 2.62s`. - CA auth/evidence/audit/orchestration tests: `79 passed in 0.54s`. - Portal prescreening tests: `74 passed in 2.08s`. - Initial full backend suite: `5454 passed, 17 skipped in 218.85s`. - Rebased full backend suite: `5460 passed, 17 skipped in 251.30s`. - GitHub CI: lint-and-test, pdf-tests, and docker-validate passed. - Direct CA Sandbox payload probe: strict company and strict person synthetic payloads returned workflow handles. ## Post-Merge Required Gates - Merge to main. - Deploy merged main to staging. - Confirm `/api/version` git SHA and image tag match merge SHA.",audit-only,Evidence gap: no directly matched closure report located for this recon pass,,Add closure report path or downgrade status if report currently says closed,Pilot impact should be cited from closure evidence
General Remediation,#516,516,[codex] Harden staging version evidence,[codex] Harden staging version evidence,.github/workflows/day6-staging-smoke.yml; .github/workflows/deploy-staging.yml; arie-backend/db.py; arie-backend/scripts/qa/staging_release_evidence.py; arie-backend/server.py; arie-backend/tests/test_api.py; arie-backend/tests/test_day6_deployment_observability_docs.py; arie-backend/tests/test_day6_staging_smoke_workflow.py; ... +7 more,ab0dc587751b983eee43d00ea632609282a8ef42,,## Validation - `python3.11 -m pytest arie-backend/tests/test_api.py::TestAuthenticatedAccess::test_version_requires_authentication arie-backend/tests/test_api.py::TestAuthenticatedAccess::test_authenticated_version_returns_required_release_keys arie-backend/tests/test_api.py::TestAuthenticatedAccess::test_version_does_not_return_secret_like_fields_or_values arie-backend/tests/test_api.py::TestAuthenticatedAccess::test_version_missing_env_vars_fail_safe_without_500 arie-backend/tests/test_version_endpoint.py arie-backend/tests/test_qa_smoke_user.py arie-backend/tests/test_staging_release_evidence.py arie-backend/tests/test_day6_staging_smoke_workflow.py arie-backend/tests/test_day6_deployment_observability_docs.py arie-backend/tests/test_day6_closing_runbook.py -q` -> 26 passed,audit-only,Evidence gap: no directly matched closure report located for this recon pass,,Add closure report path or downgrade status if report currently says closed,Pilot impact should be cited from closure evidence
General Remediation,#517,517,[codex] Fix staging smoke dashboard canonical check,[codex] Fix staging smoke dashboard canonical check,arie-backend/scripts/qa/day5_closing_smoke.py; arie-backend/tests/test_day5_closing_smoke.py; docs/DAY6_CLOSING_RUNBOOK.md; docs/DEPLOYMENT_RUNBOOK.md,26571ce558f17749debcfe9c90ddbf18a3f5768e,,## Validation - `python3.11 -m pytest arie-backend/tests/test_day5_closing_smoke.py arie-backend/tests/test_day6_deployment_observability_docs.py arie-backend/tests/test_day6_closing_runbook.py arie-backend/tests/test_staging_release_evidence.py -q` -> 15 passed - `git diff --check` -> passed,audit-only,Evidence gap: no directly matched closure report located for this recon pass,,Add closure report path or downgrade status if report currently says closed,Pilot impact should be cited from closure evidence
General Remediation,#518,518,[codex] Make staging smoke counts optional,[codex] Make staging smoke counts optional,.github/workflows/day6-staging-smoke.yml; arie-backend/tests/test_day6_closing_runbook.py; arie-backend/tests/test_day6_deployment_observability_docs.py; arie-backend/tests/test_day6_staging_smoke_workflow.py; docs/DAY6_CLOSING_RUNBOOK.md; docs/DEPLOYMENT_RUNBOOK.md,12aca7a28014db34a211da4ec8f594febaba5a6b,,## Validation - `python3.11 -m pytest arie-backend/tests/test_day6_staging_smoke_workflow.py arie-backend/tests/test_day6_deployment_observability_docs.py arie-backend/tests/test_day6_closing_runbook.py -q` -> 11 passed - `git diff --check` -> passed <!-- This is an auto-generated comment: release notes by coderabbit.ai -->,audit-only,Evidence gap: no directly matched closure report located for this recon pass,,Add closure report path or downgrade status if report currently says closed,Pilot impact should be cited from closure evidence
Fixture/Test Data Visibility,#608,608,[codex] Hide fixture records behind Back Office toggle,Pilot fixture hiding and segmentation,arie-backend/change_management.py; arie-backend/server.py; arie-backend/tests/test_pilot_data_segmentation_fixture_hiding.py; arie-backoffice.html,e5a858f28ab9b03a4fed82f70e1218ba584a4212,747c48cd6273234f50bd84dbd418b5f5efe3a298,API/browser validation after hotfixes,PASS,Historical fixture data remains hidden/separated by default,/private/tmp/regmind-pr-608-post-merge-closure/PR-608-post-merge-closure-report.md,,Supported by cited evidence
Pilot / Fixture Visibility,#609,609,[codex] Hide unflagged smoke fixture rows from lists,[codex] Hide unflagged smoke fixture rows from lists,arie-backend/fixture_filter.py; arie-backend/lifecycle_queue.py; arie-backend/server.py; arie-backend/tests/test_fixture_exclusion.py; arie-backend/tests/test_pilot_data_segmentation_fixture_hiding.py,d6917262198369e74949c2d2430398456ea77e9e,,## Validation - `/opt/homebrew/bin/python3.11 -m pytest arie-backend/tests/test_fixture_exclusion.py arie-backend/tests/test_pilot_data_segmentation_fixture_hiding.py -q` — 58 passed - `/opt/homebrew/bin/python3.11 -m pytest arie-backend/tests/test_dashboard_metrics_truth.py arie-backend/tests/test_backoffice_dashboard_runtime.py -q` — 3 passed - `/opt/homebrew/bin/python3.11 -m pytest arie-backend/tests/test_cm_backoffice_workspace_simplify_static.py arie-backend/tests/test_cm_regression_hotfix.py arie-backend/tests/test_cm_implement_propagation.py arie-backend/tests/test_change_management_diff_runtime.py -q` — 51 passed - `/opt/homebrew/bin/python3.11 -m pytest arie-backend/tests/test_backoffice_inline_script_static.py arie-backend/tests/test_backoffice_dashboard_runtime.py arie-backend/tests/test_application.py -q` — 23 passed,audit-only,Evidence gap: no directly matched closure report located for this recon pass,,Add closure report path or downgrade status if report currently says closed,Pilot impact should be cited from closure evidence
Screening Queue,#610,610,[codex] Optimize Screening Queue list performance,Screening Queue query performance,arie-backend/server.py; arie-backend/tests/test_api.py; arie-backend/tests/test_screening_queue.py,995a66aea12d4bf89678d87023ca5e683b5be279,995a66aea12d4bf89678d87023ca5e683b5be279,Queue list latency samples under target,PASS WITH LIMITATION,include_evidence detail hydration remained slow before #623,/private/tmp/regmind-screening-queue-query-perf/closure/PR-SCREENING-QUEUE-QUERY-PERF-1-post-merge-closure-report.md,Closed by #623 for first-detail blocker,Supported by cited evidence
Change Management,#611,611,Filter fixture-sourced CM alerts by default,Filter fixture-sourced CM alerts by default,arie-backend/fixture_filter.py; arie-backend/server.py; arie-backend/tests/test_pilot_data_segmentation_fixture_hiding.py,747c48cd6273234f50bd84dbd418b5f5efe3a298,,## Tests - PYTHONPATH=arie-backend /opt/homebrew/bin/python3.11 -m pytest arie-backend/tests/test_pilot_data_segmentation_fixture_hiding.py -q - PYTHONPATH=arie-backend /opt/homebrew/bin/python3.11 -m pytest arie-backend/tests/test_cm_regression_hotfix.py arie-backend/tests/test_change_management* -q - /opt/homebrew/bin/python3.11 -m py_compile arie-backend/fixture_filter.py arie-backend/server.py arie-backend/change_management.py - git diff --check <!-- This is an auto-generated comment: release notes by coderabbit.ai -->,audit-only,Evidence gap: no directly matched closure report located for this recon pass,,Add closure report path or downgrade status if report currently says closed,Pilot impact should be cited from closure evidence
Screening Review,#612,612,[codex] Remove duplicate document banner from Screening Review,Remove duplicate Screening Review document banner,arie-backend/tests/test_backoffice_ca_truthflow_static.py; arie-backoffice.html,ad3603db70bf65c82b7ad6aef3895235743516a7,ad3603db70bf65c82b7ad6aef3895235743516a7,Read-only staging browser validation of banner removal and protected document surfaces,PASS,UI-only; no workflow mutation exercised,/private/tmp/regmind-screening-review-document-banner-removal/closure/PR-SCREENING-REVIEW-DOCUMENT-BANNER-REMOVAL-closure-report.md,,Supported by cited evidence
KYC Documents,#613,613,[codex] Improve Back Office KYC document upload responsiveness,Back-office KYC upload responsiveness,arie-backend/tests/test_kyc_docs_action_stability_static.py; arie-backend/tests/test_pr_doc_ui1_backoffice_document_review.py; arie-backoffice.html,e8d95083deb23b0bcee59dd7084c40a587202b62,e8d95083deb23b0bcee59dd7084c40a587202b62,Non-mutating post-merge validation,PASS WITH VALIDATION LIMITATION,No live upload because no safe disposable fixture,/private/tmp/regmind-kyc-doc-upload-performance/closure/PR-KYC-DOC-UPLOAD-PERFORMANCE-1-post-merge-closure-report.md,Add disposable upload fixture,Supported by cited evidence
KYC Documents,#614,614,[codex] Clean KYC Documents missing-document wording,KYC Documents missing/policy wording cleanup,arie-backend/tests/test_document_reliance_ui_static.py; arie-backend/tests/test_pr_doc_ui2_manus_compact_document_review.py; arie-backoffice.html,686dc386e34d011509da1f9aa4931d19b35c1d65,686dc386e34d011509da1f9aa4931d19b35c1d65,"Read-only staging browser validation; policy-missing exact state not live, as disclosed",PASS,Policy-missing exact state not live; closure does not claim that row was shown,/private/tmp/regmind-kyc-docs-missing-wording-cleanup/closure/PR-KYC-DOCS-MISSING-WORDING-CLEANUP-1-post-merge-closure-report.md,,Supported by cited evidence
Monitoring,#615,615,[codex] Paginate and clean Monitoring Alerts list,Monitoring Alerts pagination/fixture/type cleanup,arie-backend/server.py; arie-backend/tests/test_backoffice_monitoring_navigation_static.py; arie-backend/tests/test_monitoring_alerts_list_contract_api.py; arie-backend/tests/test_monitoring_alerts_sprint1_static.py; arie-backoffice.html,9f89758f32dbf0f21e04c71cdc5d4dab63580f60,7189d658faf8f5a9c63091b1f914516212b6a682,Authenticated API/browser rerun; direct click pagination passed,PASS WITH VALIDATION LIMITATION,Lower-privilege unauthorized fixture opt-in not directly retested,/private/tmp/regmind-pr615-final-closure-rerun/PR-MONITORING-LIST-PAGINATION-FIXTURE-FILTER-AND-TYPE-CLEANUP-1-final-closure-report.md,Add direct non-SCO fixture opt-in retest,Supported by cited evidence
Periodic Review,#616,616,[codex] Add next-review approval-anchor reconciliation tests,Next-review approval-anchor reconciliation test governance,arie-backend/tests/test_next_review_approval_anchor_reconciliation.py,0d9dfbde71253ea8db71aa3042cb736ee76aaa06,0d9dfbde71253ea8db71aa3042cb736ee76aaa06,Test-only PR; CI and staging runtime proof,PASS,Test-only; documented xfail design gaps,/private/tmp/regmind-next-review-reconciliation-tests/closure/PRS-NEXT-REVIEW-RECONCILIATION-TESTS-closure-report.md,,Supported by cited evidence
Periodic Review,#617,617,[codex] Simplify Periodic Review tab layout,Periodic Review tab simplification,arie-backend/tests/test_backoffice_periodic_review_workspace_static.py; arie-backoffice.html,f9b39185a58bc879932ac0ad982531819dc72194,f9b39185a58bc879932ac0ad982531819dc72194,Read-only staging browser validation of simplified tab,PASS,Other edge states remain static-test covered,/private/tmp/regmind-pr-617-post-merge-closure/PR-617-post-merge-closure-report.md,,Supported by cited evidence
KYC Documents,#618,618,[codex] Fix KYC document verification policy mapping,False KYC policy-missing warning mapping,arie-backend/tests/test_kyc_docs_policy_mapping_static.py; arie-backoffice.html,e229bbc243472f8e2cfebe0dfe90183e4f6f76aa,e229bbc243472f8e2cfebe0dfe90183e4f6f76aa,Live staging standard policy mapping plus synthetic missing-policy warning,PASS,,/private/tmp/regmind-kyc-docs-verification-policy-mapping/PR-KYC-DOCS-VERIFICATION-POLICY-MAPPING-closure-report.md,,Supported by cited evidence
Periodic Review,#619,619,[codex] Reduce repeated Periodic Review blocker messaging,Periodic Review blocker dedup/copy cleanup,arie-backend/tests/test_backoffice_periodic_review_workspace_static.py; arie-backoffice.html,1c596faaf4fefc15b39dae107684557d8cbc0dc1,7189d658faf8f5a9c63091b1f914516212b6a682,Read-only staging browser validation on newer main,PASS WITH VALIDATION LIMITATION,"Validated on newer main, not exact #619 merge SHA",/private/tmp/regmind-pr-619-post-merge-closure/PR-619-post-merge-closure-report.md,,Supported by cited evidence
Back Office UI,#620,620,[codex] Prevent floating Back Office controls blocking pagination,Floating widget pagination obstruction,arie-backend/tests/test_backoffice_floating_controls_static.py; arie-backoffice.html,1d0cee65c7a24d0494e4fee6e8a48c647ac322dc,1d0cee65c7a24d0494e4fee6e8a48c647ac322dc,Browser hit-test/pagination clickability,PASS,,/private/tmp/regmind-pr620-post-merge-closure/PR-BACKOFFICE-FLOATING-WIDGET-PAGINATION-OBSTRUCTION-post-merge-closure-report.md,,Supported by cited evidence
KYC Documents,#621,621,[codex] Remove duplicate KYC document finding summary text,Duplicate KYC finding summary text,arie-backend/tests/test_kyc_docs_finding_duplicate_summary_static.py; arie-backend/tests/test_pr_doc_ui2_manus_compact_document_review.py; arie-backoffice.html,7189d658faf8f5a9c63091b1f914516212b6a682,7189d658faf8f5a9c63091b1f914516212b6a682,Live staging fixture/browser screenshots,PASS,Original screenshots unavailable; live fixture used,/private/tmp/regmind-kyc-docs-finding-duplicate-summary-cleanup/PR-KYC-DOCS-FINDING-DUPLICATE-SUMMARY-CLEANUP-closure-report.md,,Supported by cited evidence
KYC Documents,#622,622,[codex] Improve KYC document verification details and reverify action,Verification details and Re-verify action visibility,arie-backend/tests/test_application_lifecycle_tab_shell_static.py; arie-backend/tests/test_enhanced_requirement_settings.py; arie-backend/tests/test_kyc_docs_finding_duplicate_summary_static.py; arie-backend/tests/test_kyc_docs_verification_details_and_reverify_static.py; arie-backend/tests/test_pr_doc2a_agent1_evidence_control.py; arie-backend/tests/test_pr_doc_ui2_manus_compact_document_review.py; arie-backend/tests/test_pr_doc_verify_coverage_ui_1.py; arie-backoffice.html,5b03de1936bd2c76e625dec64651c8b329c10c70,7f7fbe656e1c0cf8eb861b232fd848c8ae452af4,Final staging validation after #624,PASS WITH VALIDATION LIMITATION,Exact #622 SHA not live at final validation; #624 required,/private/tmp/regmind-kyc-docs-verification-details-and-reverify/PR-KYC-DOCS-VERIFICATION-DETAILS-AND-REVERIFY-ACTION-final-closure-report.md,,Supported by cited evidence
Screening Review,#623,623,[codex] Improve Screening Review evidence hydration performance,Evidence hydration performance,arie-backend/tests/test_backoffice_ca_truthflow_static.py; arie-backoffice.html,f5d7649bc9b096c34b394b3b51de4694c6a30e4d,f5d7649bc9b096c34b394b3b51de4694c6a30e4d,Authenticated API/browser timing,PASS,Heavy full hydration remains >10s but non-blocking,/private/tmp/regmind-screening-detail-evidence-hydration-perf/PR-SCREENING-DETAIL-EVIDENCE-HYDRATION-PERF-closure-report.md,P2 backend payload/query optimization,Supported by cited evidence
KYC Documents,#624,624,[codex] Hide KYC Re-verify action for terminal document states,Re-verify terminal state guard,arie-backend/tests/test_kyc_docs_reverify_terminal_state_guard_static.py; arie-backend/tests/test_kyc_docs_verification_details_and_reverify_static.py; arie-backoffice.html,28cb50616e863dee5ddbae7fd97c158895e6331e,7f7fbe656e1c0cf8eb861b232fd848c8ae452af4,Live staging browser validation terminal rows,PASS WITH VALIDATION LIMITATION,"Validated as ancestor on newer main, not exact #624 merge SHA",/private/tmp/regmind-kyc-docs-reverify-terminal-state-guard/PR-KYC-DOCS-REVERIFY-TERMINAL-STATE-GUARD-closure-report.md,,Supported by cited evidence
Application Review,#625,625,[codex] Show source mismatch indicators in Application Review fields,Source/provenance mismatch indicators,arie-backend/tests/test_application_field_provenance_mismatch_indicators_static.py; arie-backoffice.html,7f7fbe656e1c0cf8eb861b232fd848c8ae452af4,7f7fbe656e1c0cf8eb861b232fd848c8ae452af4,Live Missing indicator plus deployed-JS synthetic mismatch branch,PASS WITH VALIDATION LIMITATION,No persisted live mismatch/needs-review record among 241 apps,/private/tmp/regmind-application-field-provenance-mismatch-indicators-closure/PR-APPLICATION-FIELD-PROVENANCE-MISMATCH-INDICATORS-closure-report.md,Seed mismatch fixture if required,Supported by cited evidence
KYC Documents,#626,626,[codex] Add missing person document types to officer upload dropdown,Officer upload dropdown document types,arie-backend/tests/test_kyc_docs_officer_upload_document_type_list_static.py; arie-backoffice.html,43cc7a31658e34006239c9c0fb8dd565a9d433ab,43cc7a31658e34006239c9c0fb8dd565a9d433ab,Live browser dropdown/preselection; no mutation,PASS,,/private/tmp/regmind-kyc-docs-officer-upload-document-type-list/PR-KYC-DOCS-OFFICER-UPLOAD-DOCUMENT-TYPE-LIST-closure-report.md,,Supported by cited evidence
Periodic Review,#627,627,[codex] Guard Periodic Review memo addendum update after completion,Memo addendum post-completion error guard,arie-backend/server.py; arie-backend/tests/test_periodic_review_memo_addendum_post_completion_error_guard.py,ea33cdfdba8be1dcdca97984c287ce1288efbe49,ea33cdfdba8be1dcdca97984c287ce1288efbe49,Controlled hidden fixture completion; previous ERROR gone,PASS,,/private/tmp/regmind-prs-memo-addendum-post-completion-error-guard/PRS-MEMO-ADDENDUM-POST-COMPLETION-ERROR-GUARD-closure-report.md,,Supported by cited evidence
Screening,PR-SCREENING-DETAIL-EVIDENCE-HYDRATION-PERF-AUDIT-1,,PR-SCREENING-DETAIL-EVIDENCE-HYDRATION-PERF-AUDIT-1,Hydration perf audit,Validation/audit workstream,,,Audit identified 13-29s detail load; led to #623,FAIL / fix needed,,/private/tmp/regmind-screening-detail-evidence-hydration-perf-audit/PR-SCREENING-DETAIL-EVIDENCE-HYDRATION-PERF-AUDIT-1-report.md,Superseded by #623,Supports report readiness/audit narrative
Application Review,PR-APPLICATION-VERIFIED-FIELD-INDICATORS-AUDIT-1,,PR-APPLICATION-VERIFIED-FIELD-INDICATORS-AUDIT-1,Verified/provenance field indicator audit,Validation/audit workstream,,,Audit found missing non-green indicators; led to #625,FAIL / fix needed,,/private/tmp/regmind-application-verified-field-indicators-audit/PR-APPLICATION-VERIFIED-FIELD-INDICATORS-AUDIT-1-report.md,Superseded by #625,Supports report readiness/audit narrative
KYC Documents,PR-KYC-DOCS-OFFICER-UPLOAD-DOCUMENT-TYPE-LIST-AUDIT-1,,PR-KYC-DOCS-OFFICER-UPLOAD-DOCUMENT-TYPE-LIST-AUDIT-1,Officer upload dropdown audit,Validation/audit workstream,,,Audit found missing passport/national_id; led to #626,FAIL / fix needed,,/private/tmp/regmind-kyc-docs-officer-upload-document-type-list-audit/PR-KYC-DOCS-OFFICER-UPLOAD-DOCUMENT-TYPE-LIST-AUDIT-1-report.md,Superseded by #626,Supports report readiness/audit narrative
Periodic Review,PERIODIC-REVIEW-FINAL-E2E-1,,PERIODIC-REVIEW-FINAL-E2E-1,Final read-only Periodic Review E2E,Validation/audit workstream,,7f7fbe656e1c0cf8eb861b232fd848c8ae452af4,Read-only API/browser E2E; no mutations; no side effects,PASS WITH VALIDATION LIMITATION,Missing lifecycle states and no live completion/attestation/document mutation,/private/tmp/regmind-periodic-review-final-e2e/PERIODIC-REVIEW-FINAL-E2E-1-report.md,Add disposable full-cycle fixture,Supports report readiness/audit narrative
Periodic Review,PERIODIC-REVIEW-FULL-COMPLETION-CYCLE-PROOF-1,,PERIODIC-REVIEW-FULL-COMPLETION-CYCLE-PROOF-1,Full completion-cycle proof,Validation/audit workstream,,7f7fbe656e1c0cf8eb861b232fd848c8ae452af4,"Synthetic fixture full completion, audit, terminal, next cycle, replay blocks",PASS WITH LIMITATION,Non-fatal CloudWatch ERROR later fixed by #627,/private/tmp/regmind-periodic-review-full-completion-cycle-proof/PERIODIC-REVIEW-FULL-COMPLETION-CYCLE-PROOF-1-report.md,Covered by #627,Supports report readiness/audit narrative
Application Review,APPLICATION-REVIEW-FINAL-BROWSER-SMOKE-1,,APPLICATION-REVIEW-FINAL-BROWSER-SMOKE-1,Final browser smoke initial,Validation/audit workstream,,,Functional smoke passed but staging behind audited origin/main,PASS WITH LIMITATION,Runtime lag limitation,/private/tmp/regmind-application-review-final-browser-smoke/APPLICATION-REVIEW-FINAL-BROWSER-SMOKE-1-report.md,Superseded by rerun,Supports report readiness/audit narrative
Application Review,APPLICATION-REVIEW-FINAL-BROWSER-SMOKE-RERUN-1,,APPLICATION-REVIEW-FINAL-BROWSER-SMOKE-RERUN-1,Final browser smoke rerun,Validation/audit workstream,,ea33cdfdba8be1dcdca97984c287ce1288efbe49,Read-only browser smoke on latest origin/main; clean CloudWatch,PASS,None material,/private/tmp/regmind-application-review-final-browser-smoke-rerun/APPLICATION-REVIEW-FINAL-BROWSER-SMOKE-RERUN-1-report.md,,Supports report readiness/audit narrative
KYC Documents,KYC-DOCS-FINAL-LIVE-BROWSER-SMOKE-1,,KYC-DOCS-FINAL-LIVE-BROWSER-SMOKE-1,Final live KYC Docs browser smoke,Validation/audit workstream,,ea33cdfdba8be1dcdca97984c287ce1288efbe49,Read-only live browser smoke; recent KYC fixes intact,PASS WITH LIMITATION,No genuine missing-policy row in scanned staging fixtures,/private/tmp/regmind-kyc-docs-final-live-browser-smoke/KYC-DOCS-FINAL-LIVE-BROWSER-SMOKE-1-report.md,Add to report,Supports report readiness/audit narrative
